X,Class,naive,bypass
1,Qg1,1.3613937567,1.2544031236
2,Qg2,1.3759138763,1.2574426039
3,Qg3,1.2872884742,1.2530652753
4,Qg4,1.4701097311,1.4819929001
5,Qg5,1.3967684774,1.4239039794
6,Qg6,1.4744320785,1.4853994578
7,Qg7,1.5675693127,1.5445121818
8,Qg8,1.5690696196,1.5156150331
9,Qg9,0.9966731385,1.0018177507
10,Qg10,1.0015944476,0.9910070941
11,Qg11,0.9694468619,0.9806337033
12,Qg12,1.003262303,0.9668294425
13,Qg13,1.1780995669,1.1572257753
14,GEO,1.2617345548,1.2365144593
